-- MySQL Script generated by MySQL Workbench
-- 08/14/16 23:56:30
-- Model: New Model    Version: 1.0
-- MySQL Workbench Forward Engineering

SET @OLD_UNIQUE_CHECKS=@@UNIQUE_CHECKS, UNIQUE_CHECKS=0;
SET @OLD_FOREIGN_KEY_CHECKS=@@FOREIGN_KEY_CHECKS, FOREIGN_KEY_CHECKS=0;
SET @OLD_SQL_MODE=@@SQL_MODE, SQL_MODE='TRADITIONAL,ALLOW_INVALID_DATES';

-- -----------------------------------------------------
-- Schema mydb
-- -----------------------------------------------------
-- -----------------------------------------------------
-- Schema eloan
-- -----------------------------------------------------
DROP SCHEMA IF EXISTS `eloan` ;

-- -----------------------------------------------------
-- Schema eloan
-- -----------------------------------------------------
CREATE SCHEMA IF NOT EXISTS `eloan` DEFAULT CHARACTER SET utf8 ;
USE `eloan` ;

-- -----------------------------------------------------
-- Table `eloan`.`user`
-- -----------------------------------------------------
DROP TABLE IF EXISTS `eloan`.`user` ;

CREATE TABLE IF NOT EXISTS `eloan`.`user` (
  `userid` BIGINT(13) NOT NULL,
  `password` VARCHAR(45) NOT NULL,
  `email` VARCHAR(45) NOT NULL,
  `role` ENUM('customer', 'admin') NOT NULL,
  PRIMARY KEY (`userid`),
  UNIQUE INDEX `email_UNIQUE` (`email` ASC))
ENGINE = InnoDB
DEFAULT CHARACTER SET = utf8;

-- -----------------------------------------------------
-- Table Insert - `eloan`.`user` DEFAULT
-- -----------------------------------------------------
INSERT INTO `eloan`.`user` (`userid`, `password`, `email`, `role`) VALUES ('9901019999997', 'admin7', 'eloan@vogsphere.co.za', 'admin');
INSERT INTO `eloan`.`user` (`userid`, `password`, `email`, `role`) VALUES ('9901019999998', 'admin8', 'admin@vogsphere.co.za', 'admin');
INSERT INTO `eloan`.`user` (`userid`, `password`, `email`, `role`) VALUES ('9901019999999', 'admin9', 'info@vogsphere.co.za', 'admin');

-- -----------------------------------------------------
-- Table `eloan`.`customer`
-- -----------------------------------------------------
DROP TABLE IF EXISTS `eloan`.`customer` ;

CREATE TABLE IF NOT EXISTS `eloan`.`customer` (
  `CustomerId` BIGINT(13) NOT NULL,
  `Title` ENUM('Mr', 'Mrs', 'Miss', 'Ms', 'Dr') NULL DEFAULT NULL,
  `FirstName` VARCHAR(20) NOT NULL,
  `LastName` VARCHAR(20) NOT NULL,
  `Street` VARCHAR(20) NULL DEFAULT NULL,
  `Suburb` VARCHAR(20) NULL DEFAULT NULL,
  `City` VARCHAR(20) NULL DEFAULT NULL,
  `State` ENUM('EC', 'FS', 'GP', 'LP', 'MP', 'NW', 'NC', 'WC', 'KZ') NOT NULL,
  `PostCode` CHAR(4) NOT NULL,
  `Dob` DATE NULL DEFAULT NULL,
  `phone` VARCHAR(45) NULL DEFAULT NULL,
  PRIMARY KEY (`CustomerId`),
  CONSTRAINT `userid`
    FOREIGN KEY (`CustomerId`)
    REFERENCES `eloan`.`user` (`userid`)
    ON DELETE NO ACTION
    ON UPDATE NO ACTION)
ENGINE = InnoDB
DEFAULT CHARACTER SET = utf8;
-- -----------------------------------------------------
-- Table Insert - `eloan`.`customer` DEFAULT(ADMIN)
-- -----------------------------------------------------
INSERT INTO `eloan`.`customer` (`CustomerId`, `Title`, `FirstName`, `LastName`, `Street`, `Suburb`, `City`, `State`, `PostCode`) VALUES ('9901019999997', 'Mr', 'Admin', 'Admin', '43 Mulder, Street', 'The reeds', 'Centurion', 'GP', '0157');

INSERT INTO `eloan`.`customer` (`CustomerId`, `Title`, `FirstName`, `LastName`, `Street`, `Suburb`, `City`, `State`, `PostCode`) VALUES ('9901019999998', 'Mr', 'Admin', 'Admin', '43 Mulder, Street', 'The reeds', 'Centurion', 'GP', '0157');

INSERT INTO `eloan`.`customer` (`CustomerId`, `Title`, `FirstName`, `LastName`, `Street`, `Suburb`, `City`, `State`, `PostCode`) VALUES ('9901019999999', 'Mr', 'Admin', 'Admin', '43 Mulder, Street', 'The reeds', 'Centurion', 'GP', '0157');
-- -----------------------------------------------------
-- Table `eloan`.`loantype`
-- -----------------------------------------------------
DROP TABLE IF EXISTS `eloan`.`loantype` ;

CREATE TABLE IF NOT EXISTS `eloan`.`loantype` (
  `loantypeid` INT(11) NOT NULL AUTO_INCREMENT,
  `loantypedesc` ENUM('Personal Loan') NULL DEFAULT NULL,
  `percentage` INT(11) NULL DEFAULT NULL,
  PRIMARY KEY (`loantypeid`))
ENGINE = InnoDB
DEFAULT CHARACTER SET = utf8;
-- -----------------------------------------------------
-- Table Insert - `eloan`.`loantype` DEFAULT
-- -----------------------------------------------------
INSERT INTO `eloan`.`loantype` (`loantypeid`, `loantypedesc`, `percentage`) VALUES ('1', 'Personal loan', '20');

-- -----------------------------------------------------
-- Table `eloan`.`loanapp`
-- -----------------------------------------------------
DROP TABLE IF EXISTS `eloan`.`loanapp` ;

CREATE TABLE IF NOT EXISTS `eloan`.`loanapp` (
  `ApplicationId` INT(11) NOT NULL AUTO_INCREMENT,
  `CustomerId` BIGINT(13) NOT NULL,
  `loantypeid` INT(11) NOT NULL,
  `MonthlyIncome` DECIMAL(7,2) NULL DEFAULT NULL,
  `MonthlyExpenditure` DECIMAL(7,2) NULL DEFAULT NULL,
  `TotalAssets` DECIMAL(7,2) NULL DEFAULT NULL,
  `ReqLoadValue` DECIMAL(7,2) NULL DEFAULT NULL,
  `ExecApproval` ENUM('APPR', 'PEN', 'CAN', 'REJ','SET') NULL DEFAULT 'PEN',
  `DateAccpt` DATE NULL DEFAULT NULL,
  `StaffId` INT(11) NULL DEFAULT NULL,
  `InterestRate` DECIMAL(7,4) NOT NULL,
  `LoanDuration` INT(10) UNSIGNED NOT NULL,
  `LoanValue` DECIMAL(7,2) NOT NULL,
  `surety` VARCHAR(45) NOT NULL,
  `Repayment` DECIMAL(7,2) NOT NULL,
  `paymentmethod` VARCHAR(45) NOT NULL,
  `FirstPaymentDate` DATE NOT NULL,
  `lastPaymentDate` DATE NOT NULL,
  `monthlypayment` DECIMAL(7,2) NOT NULL,
  `paymentfrequency` ENUM('MON') NULL DEFAULT NULL,
  `FILEIDDOC` VARCHAR(45) NULL DEFAULT NULL,
  `FILECONTRACT` VARCHAR(45) NULL DEFAULT NULL,
  `FILEBANKSTATEMENT` VARCHAR(45) NULL DEFAULT NULL,
  `FILEPROOFEMP` VARCHAR(45) NULL DEFAULT NULL,
  `FILEFICA` VARCHAR(45) NULL DEFAULT NULL,
  PRIMARY KEY (`ApplicationId`),
  INDEX `loantypeid_idx` (`loantypeid` ASC),
  INDEX `customerid_idx` (`CustomerId` ASC),
  CONSTRAINT `loantypeid`
    FOREIGN KEY (`loantypeid`)
    REFERENCES `eloan`.`loantype` (`loantypeid`)
    ON DELETE NO ACTION
    ON UPDATE NO ACTION,
  CONSTRAINT `customerid`
    FOREIGN KEY (`CustomerId`)
    REFERENCES `eloan`.`customer` (`CustomerId`)
    ON DELETE NO ACTION
    ON UPDATE NO ACTION)
ENGINE = InnoDB
AUTO_INCREMENT = 38
DEFAULT CHARACTER SET = utf8;

ALTER TABLE `eloan`.`loanapp` 
ADD COLUMN `accountholdername` VARCHAR(45) NULL AFTER `FILEFICA`,
ADD COLUMN `bankname` VARCHAR(45) NULL AFTER `accountholdername`,
ADD COLUMN `accountnumber` VARCHAR(45) NULL AFTER `bankname`,
ADD COLUMN `branchcode` VARCHAR(45) NULL AFTER `accountnumber`,
ADD COLUMN `accounttype` VARCHAR(45) NULL AFTER `branchcode`;

CREATE TABLE `eloan`.`bank` (
  `bankid` varchar(255) NOT NULL,
  `bankname` varchar(255) DEFAULT NULL,
  PRIMARY KEY (`bankid`)
) ENGINE=InnoDB DEFAULT CHARSET=utf8;

INSERT INTO `eloan`.`bank` (`bankid`, `bankname`) VALUES ('ABSA', 'ABSA');
INSERT INTO `eloan`.`bank` (`bankid`, `bankname`) VALUES ('capitec', 'Capitec');
INSERT INTO `eloan`.`bank` (`bankid`, `bankname`) VALUES ('StandardBank', 'Standard Bank');
INSERT INTO `eloan`.`bank` (`bankid`, `bankname`) VALUES ('fnb', 'First National Bank');
INSERT INTO `eloan`.`bank` (`bankid`, `bankname`) VALUES ('nedbank', 'NedBank');
INSERT INTO `eloan`.`bank` (`bankid`, `bankname`) VALUES ('Investec', 'Investec');
INSERT INTO `eloan`.`bank` (`bankid`, `bankname`) VALUES ('Postbank', 'SA Post Bank (Post Office)');
INSERT INTO `eloan`.`bank` (`bankid`, `bankname`) VALUES ('bankofathens', 'Bank of Athens');

CREATE TABLE `eloan`.`bankbranch` (
  `branchcode` VARCHAR(255) NOT NULL,
  `bankid` VARCHAR(255) NULL,
  PRIMARY KEY (`branchcode`),
  INDEX `fk_bankid_idx` (`bankid` ASC),
  CONSTRAINT `fk_bankid`
    FOREIGN KEY (`bankid`)
    REFERENCES `eloan`.`bank` (`bankid`)
    ON DELETE NO ACTION
    ON UPDATE NO ACTION);

ALTER TABLE `eloan`.`bankbranch` 
ADD COLUMN `branchdesc` VARCHAR(255) NULL AFTER `bankid`;
	
INSERT INTO `eloan`.`bankbranch` (`branchcode`, `bankid`) VALUES ('632005', 'ABSA');
INSERT INTO `eloan`.`bankbranch` (`branchcode`, `bankid`) VALUES ('051001', 'StandardBank');
INSERT INTO `eloan`.`bankbranch` (`branchcode`, `bankid`) VALUES ('	410506', 'bankofathens');
INSERT INTO `eloan`.`bankbranch` (`branchcode`, `bankid`) VALUES ('462005', 'Bidvest');
INSERT INTO `eloan`.`bankbranch` (`branchcode`, `bankid`) VALUES ('470010', 'capitec');
INSERT INTO `eloan`.`bankbranch` (`branchcode`, `bankid`) VALUES ('580105', 'Investec');
INSERT INTO `eloan`.`bankbranch` (`branchcode`, `bankid`) VALUES ('198765', 'nedbank');
INSERT INTO `eloan`.`bankbranch` (`branchcode`, `bankid`) VALUES ('460005', 'Postbank');

UPDATE `eloan`.`bankbranch` SET `branchdesc`='Universal' WHERE `branchcode`='	410506';
UPDATE `eloan`.`bankbranch` SET `branchdesc`='Universal' WHERE `branchcode`='051001';
UPDATE `eloan`.`bankbranch` SET `branchdesc`='Universal' WHERE `branchcode`='198765';
UPDATE `eloan`.`bankbranch` SET `branchdesc`='Universal' WHERE `branchcode`='460005';
UPDATE `eloan`.`bankbranch` SET `branchdesc`='Universal' WHERE `branchcode`='462005';
UPDATE `eloan`.`bankbranch` SET `branchdesc`='Universal' WHERE `branchcode`='470010';
UPDATE `eloan`.`bankbranch` SET `branchdesc`='Universal' WHERE `branchcode`='580105';
UPDATE `eloan`.`bankbranch` SET `branchdesc`='Universal' WHERE `branchcode`='632005';
	
CREATE TABLE `eloan`.`accounttype` (
  `accounttypeid` INT NOT NULL AUTO_INCREMENT,
  `accounttypedesc` VARCHAR(255) NULL,
  PRIMARY KEY (`accounttypeid`));

INSERT INTO `eloan`.`accounttype` (`accounttypedesc`) VALUES ('Cheque');
INSERT INTO `eloan`.`accounttype` (`accounttypedesc`) VALUES ('Saving');
INSERT INTO `eloan`.`accounttype` (`accounttypedesc`) VALUES ('Current');

CREATE TABLE `eloan`.`province`(
  `provinceid`  VARCHAR(45)  NOT NULL,
  `provincename` VARCHAR(255) NULL,
  PRIMARY KEY (`provinceid`));

INSERT INTO `eloan`.`province` (`provinceid`, `provincename`) VALUES ('EC', 'Eastern Cape');
INSERT INTO `eloan`.`province` (`provinceid`, `provincename`) VALUES ('FS', 'Free State');
INSERT INTO `eloan`.`province` (`provinceid`, `provincename`) VALUES ('GP', 'Gauteng');
INSERT INTO `eloan`.`province` (`provinceid`, `provincename`) VALUES ('LP', 'Limpopo');
INSERT INTO `eloan`.`province` (`provinceid`, `provincename`) VALUES ('MP', 'Mpumalanga');
INSERT INTO `eloan`.`province` (`provinceid`, `provincename`) VALUES ('NW', 'North West');
INSERT INTO `eloan`.`province` (`provinceid`, `provincename`) VALUES ('NC', 'Northern Cape');
INSERT INTO `eloan`.`province` (`provinceid`, `provincename`) VALUES ('WC', 'Western Cape');

CREATE TABLE `eloan`.`paymentmethod` (
  `paymentmethodid` VARCHAR(45) NOT NULL,
  `paymentmethoddesc` VARCHAR(255) NULL,
  PRIMARY KEY (`paymentmethodid`));

INSERT INTO `eloan`.`paymentmethod` (`paymentmethodid`, `paymentmethoddesc`) VALUES ('EFT', 'EFT');
INSERT INTO `eloan`.`paymentmethod` (`paymentmethodid`, `paymentmethoddesc`) VALUES ('DTO', 'Debit Order');

CREATE TABLE `paymentfrequency` 
(
  `paymentfrequencyid` varchar(45) NOT NULL,
  `paymentfrequencydesc` varchar(255) DEFAULT NULL,
  PRIMARY KEY (`paymentfrequencyid`)
) ENGINE=InnoDB DEFAULT CHARSET=utf8;

INSERT INTO `eloan`.`paymentfrequency` (`paymentfrequencyid`, `paymentfrequencydesc`) VALUES ('MON', 'Monthly');
INSERT INTO `eloan`.`paymentfrequency` (`paymentfrequencyid`, `paymentfrequencydesc`) VALUES ('ONCE', 'Once-off');
    
SET SQL_MODE=@OLD_SQL_MODE;
SET FOREIGN_KEY_CHECKS=@OLD_FOREIGN_KEY_CHECKS;
SET UNIQUE_CHECKS=@OLD_UNIQUE_CHECKS;
